CrashId,PersonId,Age,Birth Date,Birth Date Unknown,Gender,Injury Status
117788,4,58,1956-10-09,null,Male,Fatal Injury (K)
120216,1,56,1958-06-15,null,Male,Fatal Injury (K)
120571,2,25,1989-07-12,null,Male,Fatal Injury (K)
122336,2,66,1948-09-09,null,Male,Fatal Injury (K)
122344,1,20,1994-07-28,null,Female,Fatal Injury (K)
123010,2,51,1963-12-12,null,Female,Fatal Injury (K)
123599,2,50,1965-04-17,null,Male,Fatal Injury (K)
124498,1,22,1992-08-19,null,Male,Fatal Injury (K)
126168,2,20,1994-11-13,null,Female,Fatal Injury (K)
128440,1,43,1972-08-02,null,Male,Fatal Injury (K)
129822,1,23,1991-05-20,null,Male,Fatal Injury (K)
129825,2,76,1938-02-10,null,Male,Fatal Injury (K)
129826,2,52,1962-03-20,null,Male,Fatal Injury (K)
129827,2,19,1995-10-24,null,Female,Fatal Injury (K)
129829,2,50,1964-08-03,null,Male,Fatal Injury (K)
129830,2,29,1985-04-05,null,Male,Fatal Injury (K)
129831,2,22,1992-06-13,null,Male,Fatal Injury (K)
131024,1,31,1984-03-01,null,Male,Fatal Injury (K)
131024,2,7,2008-06-09,null,Male,Fatal Injury (K)
131373,5,17,1997-01-28,null,Male,Fatal Injury (K)
137497,1,87,1928-03-29,null,Male,Fatal Injury (K)
137513,1,55,1959-06-05,null,Male,Fatal Injury (K)
137514,2,58,1957-03-27,null,Male,Fatal Injury (K)
137546,3,47,1967-10-25,null,Female,Fatal Injury (K)
137562,4,36,1979-01-03,null,Male,Fatal Injury (K)
137569,1,79,1935-03-08,null,Male,Fatal Injury (K)
137580,2,50,1964-11-10,null,Male,Fatal Injury (K)
137583,1,21,1994-07-23,null,Male,Fatal Injury (K)
137586,1,51,1964-05-02,null,Male,Fatal Injury (K)
137721,2,50,1964-12-21,null,Male,Fatal Injury (K)
137727,1,40,1975-02-22,null,Male,Fatal Injury (K)
137728,1,55,1959-06-24,null,Male,Fatal Injury (K)
137729,1,44,1970-11-27,null,Male,Fatal Injury (K)
137730,3,49,1965-09-26,null,Female,Fatal Injury (K)
137746,1,28,1986-09-28,null,Male,Fatal Injury (K)
137769,1,52,1962-08-28,null,Male,Fatal Injury (K)
137781,1,51,1963-07-03,null,Male,Fatal Injury (K)
137799,1,55,1959-05-31,null,Male,Fatal Injury (K)
137800,2,28,1987-04-09,null,Male,Fatal Injury (K)
138000,1,54,1961-01-25,null,Male,Fatal Injury (K)
138006,1,24,1990-09-19,null,Male,Fatal Injury (K)
138014,1,63,1952-03-13,null,Male,Fatal Injury (K)
138022,1,24,1990-09-06,null,Male,Fatal Injury (K)
138022,3,23,1992-01-09,null,Male,Fatal Injury (K)
138280,2,18,1996-10-29,null,Male,Fatal Injury (K)
139796,4,23,1991-05-11,null,Female,Fatal Injury (K)
143434,1,25,1990-04-16,null,Male,Fatal Injury (K)
143434,5,27,1988-07-01,null,Male,Fatal Injury (K)
145669,3,65,1950-01-01,null,Male,Fatal Injury (K)
148566,1,37,1978-08-20,null,Male,Fatal Injury (K)
149836,2,56,1958-10-25,null,Male,Fatal Injury (K)
150245,2,53,1962-01-31,null,Male,Fatal Injury (K)
150573,1,49,1966-01-21,null,Male,Fatal Injury (K)
152507,3,2,2013-11-19,null,Male,Fatal Injury (K)
153471,3,74,1941-04-07,null,Female,Fatal Injury (K)
158519,1,28,1986-06-17,null,Male,Fatal Injury (K)
161615,1,32,1982-06-20,null,Male,Fatal Injury (K)
161953,1,24,1990-08-13,null,Male,Fatal Injury (K)
162037,1,22,1993-02-18,null,Male,Fatal Injury (K)
162038,1,26,1988-10-14,null,Male,Fatal Injury (K)
164374,1,91,1923-11-18,null,Female,Fatal Injury (K)
165992,1,22,1992-12-27,null,Male,Fatal Injury (K)
166042,1,96,1919-04-07,null,Female,Fatal Injury (K)
166480,1,53,1962-01-30,null,Male,Fatal Injury (K)
167216,7,17,1997-08-12,null,Female,Fatal Injury (K)
168148,1,28,1987-06-29,null,Male,Fatal Injury (K)
168773,2,53,1962-02-06,null,Male,Fatal Injury (K)
170052,2,53,1961-03-11,null,Female,Fatal Injury (K)
172160,1,46,1969-02-25,null,Male,Fatal Injury (K)
174047,2,41,1974-03-20,null,Male,Fatal Injury (K)
176234,1,34,1980-06-11,null,Male,Fatal Injury (K)
179107,1,17,1998-04-02,null,Male,Fatal Injury (K)
179142,1,80,1935-06-16,null,Male,Fatal Injury (K)
179298,1,57,1957-04-12,null,Female,Fatal Injury (K)
179299,2,39,1975-05-18,null,Female,Fatal Injury (K)
179300,1,37,1977-04-05,null,Male,Fatal Injury (K)
179301,2,34,1980-07-22,null,Female,Fatal Injury (K)
179590,4,86,1928-10-11,null,Male,Fatal Injury (K)
179806,1,46,1968-12-09,null,Male,Fatal Injury (K)
179990,1,48,1966-10-02,null,Female,Fatal Injury (K)
180104,2,46,1968-11-07,null,Male,Fatal Injury (K)
180227,2,32,1982-09-20,null,Male,Fatal Injury (K)
180358,1,37,1977-12-09,null,Male,Fatal Injury (K)
180360,1,31,1983-10-31,null,Male,Fatal Injury (K)
180361,1,48,1967-02-23,null,Male,Fatal Injury (K)
180362,4,46,1969-05-20,null,Male,Fatal Injury (K)
180364,2,48,1967-01-18,null,Male,Fatal Injury (K)
180365,1,53,1962-03-21,null,Male,Fatal Injury (K)
180368,1,26,1988-11-25,null,Female,Fatal Injury (K)
180653,1,53,1962-02-15,null,Female,Fatal Injury (K)
180922,1,61,1954-08-01,null,Male,Fatal Injury (K)
181305,2,44,1971-10-25,null,Male,Fatal Injury (K)
184910,1,78,1936-08-21,null,Male,Fatal Injury (K)
185219,1,19,1996-04-16,null,Male,Fatal Injury (K)
185270,2,55,1959-08-29,null,Male,Fatal Injury (K)
185802,1,85,1930-06-24,null,Female,Fatal Injury (K)
185838,1,35,1979-12-03,null,Male,Fatal Injury (K)
185900,1,44,1971-07-27,null,Male,Fatal Injury (K)
185921,2,25,1989-12-10,null,Female,Fatal Injury (K)
186079,1,63,1952-08-15,null,Female,Fatal Injury (K)
186155,3,56,1959-08-23,null,Female,Fatal Injury (K)
186238,5,68,1947-03-21,null,Male,Fatal Injury (K)
186285,2,90,1925-03-22,null,Female,Fatal Injury (K)
186301,2,89,1926-06-07,null,Male,Fatal Injury (K)
186359,3,81,1934-01-07,null,Male,Fatal Injury (K)
186368,1,85,1930-03-03,null,Male,Fatal Injury (K)
186381,2,26,1989-04-12,null,Male,Fatal Injury (K)
186396,2,73,1942-07-25,null,Female,Fatal Injury (K)
186402,2,56,1959-06-21,null,Male,Fatal Injury (K)
186428,1,29,1986-09-22,null,Male,Fatal Injury (K)
186653,1,42,1973-03-07,null,Male,Fatal Injury (K)
187108,4,50,1965-08-30,null,Male,Fatal Injury (K)
187321,1,80,1934-09-29,null,Male,Fatal Injury (K)
187494,5,58,1956-05-15,null,Male,Fatal Injury (K)
187512,2,69,1946-02-23,null,Male,Fatal Injury (K)
187656,5,24,1990-10-02,null,Male,Fatal Injury (K)
187719,1,15,2000-08-27,null,Male,Fatal Injury (K)
187840,2,64,1951-02-23,null,Male,Fatal Injury (K)
189953,1,16,1998-12-13,null,Male,Fatal Injury (K)
190290,2,61,1954-01-04,null,Male,Fatal Injury (K)
190390,1,67,1947-11-05,null,Male,Fatal Injury (K)
190478,2,41,1973-12-06,null,Male,Fatal Injury (K)
190554,2,38,1976-06-24,null,Male,Fatal Injury (K)
190622,2,41,1973-07-25,null,Male,Fatal Injury (K)
190623,2,51,1963-12-28,null,Female,Fatal Injury (K)
190954,2,60,1955-07-25,null,Female,Fatal Injury (K)
190999,2,90,1924-10-27,null,Male,Fatal Injury (K)
191212,2,75,1940-08-27,null,Male,Fatal Injury (K)
194353,1,36,1979-06-26,null,Male,Fatal Injury (K)
197001,2,76,1939-04-25,null,Female,Fatal Injury (K)
197269,3,43,1973-02-04,null,Male,Fatal Injury (K)
199104,2,64,1952-03-11,null,Male,Fatal Injury (K)
200726,1,42,1974-05-16,null,Female,Fatal Injury (K)
201305,1,32,1984-02-07,null,Male,Fatal Injury (K)
202086,1,35,1981-11-08,null,Male,Fatal Injury (K)
202207,1,52,1963-09-24,null,Male,Fatal Injury (K)
203545,1,29,1986-08-19,null,Female,Fatal Injury (K)
204137,1,45,1970-06-17,null,Male,Fatal Injury (K)
204154,1,59,1955-09-01,null,Male,Fatal Injury (K)
204470,1,49,1967-12-17,null,Male,Fatal Injury (K)
207464,2,54,1962-01-15,null,Female,Fatal Injury (K)
207625,1,28,1988-05-16,null,Male,Fatal Injury (K)
208288,2,32,1984-07-05,null,Male,Fatal Injury (K)
208829,1,19,1996-04-10,null,Female,Fatal Injury (K)
210517,1,29,1986-10-23,null,Male,Fatal Injury (K)
211789,1,33,1982-07-15,null,Female,Fatal Injury (K)
213297,2,54,1961-10-27,null,Male,Fatal Injury (K)
215513,2,null,2005-06-20,null,Female,Fatal Injury (K)
217004,1,38,1976-03-09,null,Male,Fatal Injury (K)
217006,1,19,1996-01-15,null,Male,Fatal Injury (K)
217006,2,20,1994-12-13,null,Female,Fatal Injury (K)
217007,2,27,1987-11-12,null,Female,Fatal Injury (K)
217008,3,13,2001-12-04,null,Male,Fatal Injury (K)
217008,4,15,2000-03-09,null,Female,Fatal Injury (K)
217010,2,14,2001-06-01,null,Male,Fatal Injury (K)
217011,2,23,1992-05-15,null,Male,Fatal Injury (K)
217385,3,27,1989-03-05,null,Male,Fatal Injury (K)
217606,1,25,1990-12-24,null,Male,Fatal Injury (K)
224354,1,54,1961-09-02,null,Male,Fatal Injury (K)
224743,2,49,1966-10-10,null,Male,Fatal Injury (K)
225567,2,55,1959-06-12,null,Female,Fatal Injury (K)
225697,1,31,1983-08-18,null,Male,Fatal Injury (K)
234595,3,22,1994-04-30,null,Male,Fatal Injury (K)
234902,1,17,1998-06-06,null,Male,Fatal Injury (K)
236378,1,13,2003-03-04,null,Male,Fatal Injury (K)
236396,2,17,1998-12-19,null,Male,Fatal Injury (K)
236502,2,89,1927-01-29,null,Male,Fatal Injury (K)
236713,1,18,1997-10-30,null,Male,Fatal Injury (K)
236959,2,77,1938-10-20,null,Male,Fatal Injury (K)
237974,2,91,1925-02-14,null,Male,Fatal Injury (K)
237992,1,51,1965-05-28,null,Male,Fatal Injury (K)
238246,1,33,1982-10-01,null,Male,Fatal Injury (K)
239672,1,27,1989-04-06,null,Male,Fatal Injury (K)
239672,2,21,1995-10-13,null,Male,Fatal Injury (K)
241831,2,49,1967-02-02,null,Male,Fatal Injury (K)
242269,1,56,1959-04-12,null,Male,Fatal Injury (K)
242317,1,46,1970-06-18,null,Male,Fatal Injury (K)
243570,1,26,1989-07-27,null,Male,Fatal Injury (K)
244753,1,40,1976-01-26,null,Male,Fatal Injury (K)
245336,1,47,1968-06-05,null,Male,Fatal Injury (K)
245395,2,57,1959-02-18,null,Male,Fatal Injury (K)
247816,1,24,1990-10-15,null,Male,Fatal Injury (K)
248571,1,90,1924-07-24,null,Male,Fatal Injury (K)
248572,1,55,1959-08-08,null,Female,Fatal Injury (K)
248576,1,24,1990-04-16,null,Male,Fatal Injury (K)
248584,2,50,1964-11-08,null,Male,Fatal Injury (K)
248586,1,65,1950-03-11,null,Female,Fatal Injury (K)
251520,1,73,1941-11-17,null,Male,Fatal Injury (K)
251535,1,72,1942-11-29,null,Male,Fatal Injury (K)
253020,1,30,1985-09-10,null,Female,Fatal Injury (K)
253263,1,60,1955-03-28,null,Female,Fatal Injury (K)
254462,3,51,1963-08-27,null,Male,Fatal Injury (K)
254637,2,65,1949-04-03,null,Male,Fatal Injury (K)
254689,1,32,1983-03-23,null,Male,Fatal Injury (K)
254739,1,27,1987-09-01,null,Male,Fatal Injury (K)
254743,2,52,1962-08-23,null,Male,Fatal Injury (K)
254747,4,20,1994-10-25,null,Male,Fatal Injury (K)
254749,1,27,1987-07-13,null,Male,Fatal Injury (K)
254778,2,55,1960-02-07,null,Male,Fatal Injury (K)
254791,1,52,1962-10-26,null,Male,Fatal Injury (K)
254817,1,24,1991-09-08,null,Female,Fatal Injury (K)
254839,1,65,1950-06-01,null,Male,Fatal Injury (K)
256731,2,34,1981-10-13,null,Male,Fatal Injury (K)
257565,2,24,1991-08-25,null,Male,Fatal Injury (K)
257638,2,28,1988-01-01,null,Female,Fatal Injury (K)
257816,2,81,1934-12-12,null,Male,Fatal Injury (K)
258040,2,43,1971-12-27,null,Male,Fatal Injury (K)
258042,2,26,1988-11-07,null,Male,Fatal Injury (K)
258056,2,62,1952-11-22,null,Female,Fatal Injury (K)
258071,1,75,1940-05-16,null,Female,Fatal Injury (K)
258086,1,44,1971-03-28,null,Male,Fatal Injury (K)
258131,2,62,1953-05-05,null,Male,Fatal Injury (K)
258216,1,26,1988-08-14,null,Male,Fatal Injury (K)
258259,3,19,1996-01-26,null,Female,Fatal Injury (K)
258259,4,19,1996-08-06,null,Male,Fatal Injury (K)
258289,1,62,1952-12-03,null,Female,Fatal Injury (K)
258297,1,25,1990-07-01,null,Male,Fatal Injury (K)
258308,1,24,1991-04-06,null,Male,Fatal Injury (K)
259347,1,47,1968-02-11,null,Male,Fatal Injury (K)
259369,2,42,1974-05-12,null,Female,Fatal Injury (K)
259370,1,88,1928-06-16,null,Male,Fatal Injury (K)
259623,2,48,1967-09-05,null,Male,Fatal Injury (K)
260047,3,27,1988-10-13,null,Male,Fatal Injury (K)
260069,1,69,1947-12-12,null,Male,Fatal Injury (K)
260284,2,54,1961-04-14,null,Female,Fatal Injury (K)
260421,2,68,1948-02-16,null,Male,Fatal Injury (K)
260482,2,20,1995-09-25,null,Male,Fatal Injury (K)
260593,2,64,1952-01-27,null,Male,Fatal Injury (K)
261209,1,31,1983-07-21,null,Male,Fatal Injury (K)
261211,1,64,1950-11-03,null,Male,Fatal Injury (K)
261216,1,20,1995-01-21,null,Male,Fatal Injury (K)
261219,3,4,2010-11-12,null,Female,Fatal Injury (K)
261225,2,50,1964-10-25,null,Female,Fatal Injury (K)
261245,1,71,1943-11-25,null,Male,Fatal Injury (K)
261246,1,27,1988-11-18,null,Male,Fatal Injury (K)
261248,1,22,1993-04-29,null,Female,Fatal Injury (K)
261252,1,35,1980-05-14,null,Male,Fatal Injury (K)
261262,1,40,1975-10-21,null,Male,Fatal Injury (K)
261267,2,52,1963-10-02,null,Male,Fatal Injury (K)
261272,1,20,1995-09-20,null,Female,Fatal Injury (K)
261299,2,52,1963-11-12,null,Male,Fatal Injury (K)
262349,1,57,1959-10-15,null,Male,Fatal Injury (K)
264603,1,43,1972-04-05,null,Male,Fatal Injury (K)
264605,1,57,1958-07-31,null,Male,Fatal Injury (K)
265370,2,48,1967-12-28,null,Male,Fatal Injury (K)
266332,2,26,1989-04-01,null,Male,Fatal Injury (K)
267599,1,68,1947-07-20,null,Male,Fatal Injury (K)
268128,3,79,1936-06-29,null,Male,Fatal Injury (K)
269319,2,78,1936-06-20,null,Male,Fatal Injury (K)
269319,3,79,1936-01-21,null,Female,Fatal Injury (K)
269760,1,52,1963-09-12,null,Male,Fatal Injury (K)
270881,1,32,1982-07-15,null,Male,Fatal Injury (K)
273536,2,20,1995-10-01,null,Male,Fatal Injury (K)
274149,1,19,1996-02-21,null,Male,Fatal Injury (K)
274155,1,27,1987-12-21,null,Male,Fatal Injury (K)
275062,2,28,1987-08-05,null,Female,Fatal Injury (K)
275062,4,69,1946-08-23,null,Unknown,Fatal Injury (K)
278084,4,53,1962-05-12,null,Male,Fatal Injury (K)
278726,1,29,1986-01-22,null,Female,Fatal Injury (K)
278726,2,5,2009-12-11,null,Male,Fatal Injury (K)
279272,1,63,1951-06-16,null,Male,Fatal Injury (K)
279274,1,33,1981-09-14,null,Male,Fatal Injury (K)
279299,2,31,1984-06-19,null,Male,Fatal Injury (K)
280575,1,49,1966-04-10,null,Male,Fatal Injury (K)
281885,1,46,1969-12-25,null,Female,Fatal Injury (K)
281886,4,18,1997-03-03,null,Female,Fatal Injury (K)
282066,3,8,2006-11-25,null,Male,Fatal Injury (K)
282117,2,27,1988-10-28,null,Female,Fatal Injury (K)
282609,1,40,1975-10-28,null,Male,Fatal Injury (K)
282627,1,24,1991-10-31,null,Male,Fatal Injury (K)
283586,2,54,1962-10-14,null,Male,Fatal Injury (K)
283995,1,31,1983-08-23,null,Male,Fatal Injury (K)
283998,1,52,1963-04-11,null,Male,Fatal Injury (K)
283999,1,23,1991-11-30,null,Female,Fatal Injury (K)
284002,2,70,1944-09-13,null,Male,Fatal Injury (K)
284003,1,40,1975-08-15,null,Male,Fatal Injury (K)
284004,2,53,1962-03-24,null,Male,Fatal Injury (K)
284005,4,85,1930-05-11,null,Female,Fatal Injury (K)
284006,2,32,1982-10-08,null,Male,Fatal Injury (K)
284008,1,51,1964-10-06,null,Male,Fatal Injury (K)
284014,1,50,1965-05-04,null,Male,Fatal Injury (K)
284015,1,20,1995-03-07,null,Female,Fatal Injury (K)
284020,2,18,1997-06-05,null,Male,Fatal Injury (K)
286863,3,73,1943-01-28,null,Male,Fatal Injury (K)
287224,2,59,1956-07-14,null,Male,Fatal Injury (K)
289869,1,88,1926-05-01,null,Female,Fatal Injury (K)
296455,1,19,1995-09-18,null,Female,Fatal Injury (K)
296456,2,29,1985-10-03,null,Male,Fatal Injury (K)
303735,1,52,1963-05-28,null,Male,Fatal Injury (K)
305900,1,22,1993-10-28,null,Female,Fatal Injury (K)
306323,2,56,1959-10-06,null,Male,Fatal Injury (K)
306323,4,53,1962-06-25,null,Female,Fatal Injury (K)
308355,1,24,1991-10-29,null,Male,Fatal Injury (K)
308795,2,58,1957-11-05,null,Male,Fatal Injury (K)
308877,1,44,1972-01-11,null,Male,Fatal Injury (K)
308924,2,65,1950-07-23,null,Male,Fatal Injury (K)
308925,2,47,1967-11-22,null,Female,Fatal Injury (K)
309231,8,null,1979-04-18,null,Male,Fatal Injury (K)
310042,2,40,1976-06-06,null,Female,Fatal Injury (K)
310059,1,24,1992-04-06,null,Male,Fatal Injury (K)
310066,4,30,1986-03-09,null,Male,Fatal Injury (K)
310145,1,37,1979-04-22,null,Male,Fatal Injury (K)
310154,2,69,1946-08-26,null,Female,Fatal Injury (K)
310397,4,22,1993-10-16,null,Female,Fatal Injury (K)
310418,1,83,1932-07-03,null,Male,Fatal Injury (K)
312799,1,40,1976-01-17,null,Male,Fatal Injury (K)
312808,1,90,1925-06-24,null,Male,Fatal Injury (K)
312875,2,86,1929-10-16,null,Female,Fatal Injury (K)
313312,2,57,1959-12-30,null,Male,Fatal Injury (K)
313642,2,5,2010-12-01,null,Male,Fatal Injury (K)
313678,1,37,1978-08-04,null,Male,Fatal Injury (K)
313951,3,85,1931-06-24,null,Female,Fatal Injury (K)
314401,2,77,1938-06-27,null,Male,Fatal Injury (K)
315255,2,35,1981-07-08,null,Female,Fatal Injury (K)
315366,2,63,1953-04-09,null,Male,Fatal Injury (K)
315368,1,37,1978-09-02,null,Male,Fatal Injury (K)
316190,3,70,1946-11-10,null,Male,Fatal Injury (K)
316629,2,null,null,TRUE,Female,Fatal Injury (K)
316718,1,31,1984-04-27,null,Male,Fatal Injury (K)
316738,3,34,1982-10-08,null,Male,Fatal Injury (K)
316739,1,16,2000-01-20,null,Male,Fatal Injury (K)
316757,1,71,1943-07-09,null,Male,Fatal Injury (K)
316793,2,27,1988-08-17,null,Male,Fatal Injury (K)
316895,1,40,1975-09-01,null,Male,Fatal Injury (K)
316901,2,90,1925-10-26,null,Male,Fatal Injury (K)
316906,1,51,1964-10-27,null,Male,Fatal Injury (K)
316906,2,67,1949-04-27,null,Male,Fatal Injury (K)
316932,1,30,1984-07-22,null,Female,Fatal Injury (K)
316939,1,73,1941-02-10,null,Male,Fatal Injury (K)
316952,2,29,1987-01-28,null,Male,Fatal Injury (K)
316986,2,69,1946-02-22,null,Male,Fatal Injury (K)
316994,1,18,1996-09-17,null,Male,Fatal Injury (K)
316996,2,29,1985-11-16,null,Male,Fatal Injury (K)
316997,1,37,1977-12-05,null,Male,Fatal Injury (K)
316998,2,20,1994-11-10,null,Male,Fatal Injury (K)
317000,1,30,1984-12-22,null,Female,Fatal Injury (K)
317001,2,50,1965-06-02,null,Male,Fatal Injury (K)
317003,2,64,1951-09-10,null,Male,Fatal Injury (K)
317179,3,33,1981-12-06,null,Female,Fatal Injury (K)
318661,1,55,1961-10-02,null,Male,Fatal Injury (K)
319236,2,59,1956-10-25,null,Male,Fatal Injury (K)
319237,1,51,1964-10-19,null,Male,Fatal Injury (K)
319238,2,25,1991-02-08,null,Male,Fatal Injury (K)
323603,2,31,1984-10-21,null,Male,Fatal Injury (K)
323897,1,80,1936-06-28,null,Female,Fatal Injury (K)
324126,2,48,1967-12-20,null,Male,Fatal Injury (K)
324157,1,16,1999-03-09,null,Female,Fatal Injury (K)
324157,2,14,2000-10-13,null,Female,Fatal Injury (K)
324158,1,56,1959-05-26,null,Male,Fatal Injury (K)
327413,2,22,1993-08-23,null,Male,Fatal Injury (K)
327415,1,58,1957-09-19,null,Female,Fatal Injury (K)
327563,3,4,2011-03-09,null,Female,Fatal Injury (K)
327563,5,7,2008-07-23,null,Female,Fatal Injury (K)
327569,1,35,1980-02-27,null,Female,Fatal Injury (K)
327572,2,56,1959-01-26,null,Male,Fatal Injury (K)
327604,1,19,1996-05-15,null,Male,Fatal Injury (K)
327626,1,94,1921-03-16,null,Male,Fatal Injury (K)
327648,2,51,1964-01-10,null,Female,Fatal Injury (K)
327666,1,37,1978-02-25,null,Male,Fatal Injury (K)
327667,1,47,1967-12-26,null,Female,Fatal Injury (K)
327668,2,22,1992-05-28,null,Female,Fatal Injury (K)
327669,1,68,1946-08-20,null,Male,Fatal Injury (K)
327669,2,66,1948-10-05,null,Male,Fatal Injury (K)
327670,5,26,1988-10-04,null,Male,Fatal Injury (K)
327671,2,51,1964-02-07,null,Male,Fatal Injury (K)
327672,14,61,1954-06-25,null,Female,Fatal Injury (K)
327672,15,38,1976-11-28,null,Female,Fatal Injury (K)
327673,7,6,2009-07-11,null,Female,Fatal Injury (K)
327674,2,22,1993-07-09,null,Male,Fatal Injury (K)
327674,3,22,1993-02-08,null,Male,Fatal Injury (K)
327675,2,43,1971-10-07,null,Male,Fatal Injury (K)
327676,1,42,1973-04-28,null,Male,Fatal Injury (K)
327678,2,38,1977-04-22,null,Female,Fatal Injury (K)
327679,2,51,1963-12-19,null,Female,Fatal Injury (K)
327680,2,48,1967-08-01,null,Male,Fatal Injury (K)
327680,3,49,1966-08-10,null,Female,Fatal Injury (K)
327682,1,47,1968-05-29,null,Male,Fatal Injury (K)
327684,1,57,1958-09-25,null,Female,Fatal Injury (K)
327685,2,46,1969-03-27,null,Male,Fatal Injury (K)
327686,1,42,1973-07-03,null,Male,Fatal Injury (K)
327857,2,61,1953-08-21,null,Female,Fatal Injury (K)
329287,3,null,1974-08-13,null,Male,Fatal Injury (K)
329361,1,85,1931-03-10,null,Male,Fatal Injury (K)
329638,2,35,1979-12-30,null,Male,Fatal Injury (K)
330548,1,49,1967-03-31,null,Male,Fatal Injury (K)
331066,1,18,1998-07-17,null,Male,Fatal Injury (K)
331776,2,21,1996-05-01,null,Male,Fatal Injury (K)
332436,1,35,1981-01-05,null,Female,Fatal Injury (K)
332765,2,50,1966-01-20,null,Female,Fatal Injury (K)
332979,2,60,1956-06-06,null,Male,Fatal Injury (K)
333609,1,58,1958-09-18,null,Male,Fatal Injury (K)
334369,1,35,1980-11-21,null,Male,Fatal Injury (K)
334370,17,null,1947-07-30,null,Female,Fatal Injury (K)
335127,2,20,1997-11-13,null,Male,Fatal Injury (K)
335927,1,30,1985-12-13,null,Male,Fatal Injury (K)
335942,1,58,1957-01-09,null,Male,Fatal Injury (K)
336131,1,58,1958-02-13,null,Male,Fatal Injury (K)
336206,3,68,1947-03-10,null,Female,Fatal Injury (K)
336362,1,79,1937-01-22,null,Female,Fatal Injury (K)
337416,1,43,1972-06-22,null,Male,Fatal Injury (K)
338120,2,68,1947-08-21,null,Female,Fatal Injury (K)
339235,1,88,1928-05-08,null,Female,Fatal Injury (K)
339933,2,76,1940-02-20,null,Female,Fatal Injury (K)
340455,2,4,2012-06-14,null,Female,Fatal Injury (K)
340932,2,34,1982-05-28,null,Male,Fatal Injury (K)
341459,1,22,1994-08-24,null,Male,Fatal Injury (K)
341476,2,81,1935-03-10,null,Male,Fatal Injury (K)
341680,3,22,1993-11-24,null,Male,Fatal Injury (K)
342088,1,61,1954-04-18,null,Male,Fatal Injury (K)
344372,1,60,1955-09-08,null,Male,Fatal Injury (K)
345671,2,36,1980-03-23,null,Male,Fatal Injury (K)
346351,1,33,1983-09-28,null,Male,Fatal Injury (K)
346351,2,31,1985-06-17,null,Female,Fatal Injury (K)
350590,2,61,1954-04-20,null,Female,Fatal Injury (K)
355584,3,85,1931-07-11,null,Female,Fatal Injury (K)
355986,1,89,1926-11-26,null,Male,Fatal Injury (K)
357101,1,31,1985-01-01,null,Male,Fatal Injury (K)
357101,5,null,1986-11-20,null,Male,Fatal Injury (K)
357101,6,null,1980-08-08,null,Male,Fatal Injury (K)
357159,2,47,1969-11-17,null,Male,Fatal Injury (K)
357288,2,37,1980-02-01,null,Male,Fatal Injury (K)
357297,3,56,1960-01-25,null,Male,Fatal Injury (K)
357298,2,42,1974-10-04,null,Female,Fatal Injury (K)
361294,2,87,1929-07-05,null,Male,Fatal Injury (K)
361460,1,59,1957-01-29,null,Female,Fatal Injury (K)
361467,1,41,1975-06-20,null,Male,Fatal Injury (K)
361881,2,77,1939-09-25,null,Male,Fatal Injury (K)
361977,2,85,1931-01-29,null,Female,Fatal Injury (K)
369578,1,52,1965-02-24,null,Male,Fatal Injury (K)
369856,1,71,1944-12-23,null,Male,Fatal Injury (K)
370043,2,64,1952-04-10,null,Male,Fatal Injury (K)
372096,1,38,1978-06-20,null,Female,Fatal Injury (K)
372191,2,18,1998-10-30,null,Female,Fatal Injury (K)
372196,1,61,1954-05-21,null,Female,Fatal Injury (K)
372197,11,59,1957-02-06,null,Female,Fatal Injury (K)
372198,1,25,1990-09-16,null,Female,Fatal Injury (K)
372199,2,75,1940-03-27,null,Male,Fatal Injury (K)
372200,1,31,1985-01-03,null,Male,Fatal Injury (K)
372201,1,90,1925-11-18,null,Male,Fatal Injury (K)
372201,2,87,1928-12-13,null,Female,Fatal Injury (K)
372203,1,45,1970-11-09,null,Female,Fatal Injury (K)
372205,1,78,1938-04-02,null,Male,Fatal Injury (K)
372207,1,62,1953-06-26,null,Unknown,Fatal Injury (K)
372209,2,19,1997-03-25,null,Female,Fatal Injury (K)
372293,2,26,1989-10-21,null,Male,Fatal Injury (K)
372307,2,70,1945-10-12,null,Female,Fatal Injury (K)
373404,2,23,1992-10-21,null,Female,Fatal Injury (K)
373497,1,64,1952-03-27,null,Male,Fatal Injury (K)
373609,6,19,1996-01-31,null,Female,Fatal Injury (K)
373838,1,40,1975-10-13,null,Male,Fatal Injury (K)
374189,1,19,1996-11-29,null,Male,Fatal Injury (K)
374191,1,35,1980-10-22,null,Male,Fatal Injury (K)
374194,1,59,1956-08-07,null,Male,Fatal Injury (K)
374414,1,28,1987-09-25,null,Male,Fatal Injury (K)
374414,2,59,1956-07-18,null,Female,Fatal Injury (K)
374415,1,40,1975-08-06,null,Male,Fatal Injury (K)
375654,1,27,1988-11-17,null,Male,Fatal Injury (K)
375769,2,56,null,TRUE,Male,Fatal Injury (K)
375928,1,30,1986-03-11,null,Male,Fatal Injury (K)
375928,2,29,1987-02-17,null,Female,Fatal Injury (K)
375931,1,22,1994-04-26,null,Male,Fatal Injury (K)
375933,2,57,1959-06-19,null,Male,Fatal Injury (K)
375934,1,24,1991-12-28,null,Female,Fatal Injury (K)
375935,13,20,1995-07-26,null,Male,Fatal Injury (K)
375938,1,28,1987-07-25,null,Male,Fatal Injury (K)
376075,1,58,1958-02-04,null,Male,Fatal Injury (K)
379118,1,55,1961-01-07,null,Male,Fatal Injury (K)
379612,1,null,null,TRUE,Male,Fatal Injury (K)
381233,2,86,1930-04-02,null,Female,Fatal Injury (K)
381274,2,66,1950-06-08,null,Female,Fatal Injury (K)
381299,1,52,1964-07-06,null,Male,Fatal Injury (K)
381459,1,26,1989-06-11,null,Male,Fatal Injury (K)
381459,2,24,1992-02-05,null,Female,Fatal Injury (K)
381460,1,50,1965-10-09,null,Male,Fatal Injury (K)
381462,1,69,1946-09-14,null,Female,Fatal Injury (K)
381463,2,23,1992-07-21,null,Male,Fatal Injury (K)
381464,2,61,1955-03-11,null,Male,Fatal Injury (K)
381476,1,23,1993-04-17,null,Male,Fatal Injury (K)
381482,2,63,1953-09-05,null,Male,Fatal Injury (K)
381486,3,74,1942-08-17,null,Male,Fatal Injury (K)
381686,5,24,1992-03-02,null,Female,Fatal Injury (K)
382503,1,42,1974-02-19,null,Male,Fatal Injury (K)
384687,3,86,1930-09-28,null,Female,Fatal Injury (K)
385083,2,40,1976-10-01,null,Male,Fatal Injury (K)
385121,1,36,1980-03-19,null,Female,Fatal Injury (K)
385125,2,20,1995-12-29,null,Male,Fatal Injury (K)
385126,1,67,1949-06-15,null,Male,Fatal Injury (K)
385744,1,76,1941-01-17,null,Male,Fatal Injury (K)
386320,3,41,1975-06-24,null,Female,Fatal Injury (K)
387104,2,64,1952-10-07,null,Female,Fatal Injury (K)
387404,1,31,1983-09-24,null,Female,Fatal Injury (K)
387536,1,78,1938-12-28,null,Female,Fatal Injury (K)
387929,2,47,1969-09-23,null,Male,Fatal Injury (K)
389374,2,87,1930-01-10,null,Female,Fatal Injury (K)
389403,2,50,1966-08-04,null,Male,Fatal Injury (K)
389502,1,34,1982-06-18,null,Male,Fatal Injury (K)
389525,1,20,1996-01-10,null,Male,Fatal Injury (K)
389528,1,33,1982-11-25,null,Male,Fatal Injury (K)
389530,1,64,1952-05-08,null,Male,Fatal Injury (K)
389534,2,69,1947-06-01,null,Male,Fatal Injury (K)
389615,1,25,1991-07-25,null,Male,Fatal Injury (K)
389616,2,54,1962-08-11,null,Male,Fatal Injury (K)
389731,1,26,1989-10-08,null,Male,Fatal Injury (K)
389976,2,53,1963-05-01,null,Male,Fatal Injury (K)
390508,1,73,1942-08-08,null,Male,Fatal Injury (K)
391432,1,62,1954-09-01,null,Male,Fatal Injury (K)
391500,2,75,1941-02-23,null,Female,Fatal Injury (K)
391501,1,48,1967-10-22,null,Male,Fatal Injury (K)
392006,2,60,1956-06-08,null,Male,Fatal Injury (K)
392186,2,38,1978-12-01,null,Male,Fatal Injury (K)
393532,4,55,1961-04-03,null,Male,Fatal Injury (K)
394891,1,29,1987-10-24,null,Male,Fatal Injury (K)
394910,3,47,1969-03-22,null,Female,Fatal Injury (K)
394946,6,20,1997-04-10,null,Male,Fatal Injury (K)
394964,3,32,1984-06-24,null,Male,Fatal Injury (K)
396878,1,51,1965-08-11,null,Male,Fatal Injury (K)
397312,1,25,1992-10-18,null,Male,Fatal Injury (K)
397312,2,39,1978-02-13,null,Male,Fatal Injury (K)
397331,1,21,1996-10-08,null,Male,Fatal Injury (K)
397363,2,67,1949-08-07,null,Male,Fatal Injury (K)
397383,1,63,1952-11-16,null,Male,Fatal Injury (K)
397384,2,48,1968-04-11,null,Female,Fatal Injury (K)
397394,1,null,null,TRUE,Male,Fatal Injury (K)
397394,2,20,1996-09-27,null,Male,Fatal Injury (K)
397491,2,54,1961-03-13,null,Male,Fatal Injury (K)
397492,2,23,1992-10-30,null,Male,Fatal Injury (K)
397494,3,48,1968-01-06,null,Female,Fatal Injury (K)
397495,2,60,1956-04-06,null,Male,Fatal Injury (K)
397497,1,36,1980-07-13,null,Male,Fatal Injury (K)
399983,1,71,1945-12-30,null,Male,Fatal Injury (K)
400003,2,null,null,TRUE,Female,Fatal Injury (K)
400057,1,24,1992-02-29,null,Female,Fatal Injury (K)
400097,1,26,1990-12-29,null,Male,Fatal Injury (K)
400101,2,22,1994-12-31,null,Male,Fatal Injury (K)
401103,6,80,1937-05-09,null,Male,Fatal Injury (K)
401104,1,44,1972-12-07,null,Male,Fatal Injury (K)
401150,1,37,1980-02-21,null,Male,Fatal Injury (K)
401151,1,27,1990-01-05,null,Female,Fatal Injury (K)
402116,1,85,1931-09-02,null,Female,Fatal Injury (K)
403157,1,18,1998-08-31,null,Male,Fatal Injury (K)
404936,2,59,1957-06-03,null,Female,Fatal Injury (K)
404968,1,52,1965-02-11,null,Female,Fatal Injury (K)
404972,2,35,1981-09-04,null,Male,Fatal Injury (K)
404988,1,19,1997-04-09,null,Male,Fatal Injury (K)
404991,1,20,1996-08-15,null,Female,Fatal Injury (K)
404992,1,28,1988-07-18,null,Male,Fatal Injury (K)
405078,1,33,1983-06-20,null,Female,Fatal Injury (K)
405747,2,71,1945-03-24,null,Female,Fatal Injury (K)
406973,1,38,1979-01-27,null,Male,Fatal Injury (K)
408903,1,65,1951-07-06,null,Male,Fatal Injury (K)
408937,1,43,1973-06-05,null,Male,Fatal Injury (K)
409351,1,32,1984-08-18,null,Male,Fatal Injury (K)
409387,3,59,1958-04-04,null,Female,Fatal Injury (K)
409552,2,55,1960-12-30,null,Female,Fatal Injury (K)
409553,5,38,1978-03-12,null,Male,Fatal Injury (K)
410012,2,30,1986-12-03,null,Male,Fatal Injury (K)
410757,1,54,1960-12-12,null,Female,Fatal Injury (K)
411741,2,20,1996-09-25,null,Male,Fatal Injury (K)
411820,1,22,1995-02-13,null,Male,Fatal Injury (K)
412062,1,34,1982-11-28,null,Male,Fatal Injury (K)
414028,2,64,1952-12-24,null,Male,Fatal Injury (K)
414028,4,64,1952-12-29,null,Female,Fatal Injury (K)
414458,2,60,1955-09-16,null,Female,Fatal Injury (K)
415084,1,24,1991-04-28,null,Female,Fatal Injury (K)
415886,1,79,1937-08-21,null,Female,Fatal Injury (K)
416018,3,23,1993-07-09,null,Male,Fatal Injury (K)
416098,1,59,1957-04-22,null,Female,Fatal Injury (K)
416913,1,23,1993-12-09,null,Male,Fatal Injury (K)
416913,2,20,1996-12-17,null,Male,Fatal Injury (K)
416955,2,52,1964-05-23,null,Male,Fatal Injury (K)
416956,2,61,1955-03-25,null,Male,Fatal Injury (K)
417066,4,43,1973-11-12,null,Male,Fatal Injury (K)
417931,1,42,1975-11-06,null,Male,Fatal Injury (K)
418504,1,28,1987-10-25,null,Male,Fatal Injury (K)
418946,1,28,1989-04-20,null,Male,Fatal Injury (K)
419336,1,20,1997-05-29,null,Male,Fatal Injury (K)
419564,2,67,1950-05-24,null,Male,Fatal Injury (K)
419592,1,64,1953-06-26,null,Female,Fatal Injury (K)
420161,2,78,1937-07-03,null,Female,Fatal Injury (K)
420684,1,37,1978-11-13,null,Male,Fatal Injury (K)
420685,2,32,1984-03-21,null,Male,Fatal Injury (K)
422126,3,83,1933-11-01,null,Male,Fatal Injury (K)
423147,2,72,1945-07-18,null,Male,Fatal Injury (K)
423342,1,74,1941-06-26,null,Male,Fatal Injury (K)
423343,1,56,1959-10-22,null,Male,Fatal Injury (K)
423346,1,51,1965-04-09,null,Male,Fatal Injury (K)
423347,3,46,1969-10-06,null,Female,Fatal Injury (K)
423349,6,33,1983-05-07,null,Female,Fatal Injury (K)
423350,2,24,1992-03-19,null,Male,Fatal Injury (K)
423352,1,65,1951-10-10,null,Male,Fatal Injury (K)
423353,1,46,1970-07-24,null,Female,Fatal Injury (K)
423354,2,26,1990-03-02,null,Female,Fatal Injury (K)
423355,3,45,1971-05-23,null,Female,Fatal Injury (K)
423356,1,42,1974-11-25,null,Male,Fatal Injury (K)
423358,2,80,1936-10-12,null,Male,Fatal Injury (K)
424237,2,53,1964-04-03,null,Male,Fatal Injury (K)
425133,1,42,1973-08-07,null,Male,Fatal Injury (K)
425134,1,55,1961-04-28,null,Male,Fatal Injury (K)
425135,4,91,1924-09-28,null,Male,Fatal Injury (K)
425263,1,56,1961-03-17,null,Male,Fatal Injury (K)
425279,1,75,1941-01-04,null,Male,Fatal Injury (K)
425419,8,17,1999-08-31,null,Male,Fatal Injury (K)
427543,3,56,1961-02-02,null,Female,Fatal Injury (K)
427993,2,49,1967-02-12,null,Male,Fatal Injury (K)
428141,1,46,1970-09-12,null,Male,Fatal Injury (K)
428392,2,30,1987-01-25,null,Male,Fatal Injury (K)
429991,3,26,1990-08-15,null,Male,Fatal Injury (K)
431439,2,66,1950-09-21,null,Female,Fatal Injury (K)
432342,1,24,1992-03-07,null,Female,Fatal Injury (K)
432343,3,0,2016-05-27,null,Female,Fatal Injury (K)
432347,1,24,1992-09-02,null,Male,Fatal Injury (K)
432348,1,28,1988-07-24,null,Male,Fatal Injury (K)
432349,1,22,1994-03-24,null,Male,Fatal Injury (K)
432350,1,40,1976-03-27,null,Male,Fatal Injury (K)
432637,2,20,1997-10-08,null,Female,Fatal Injury (K)
433880,3,65,1951-12-07,null,Male,Fatal Injury (K)
434726,1,28,1989-05-02,null,Male,Fatal Injury (K)
434909,1,53,1964-04-19,null,Male,Fatal Injury (K)
435271,2,80,1936-12-22,null,Male,Fatal Injury (K)
435416,2,68,1947-05-14,null,Male,Fatal Injury (K)
435417,1,74,1941-06-04,null,Male,Fatal Injury (K)
435418,1,26,1990-01-07,null,Female,Fatal Injury (K)
435419,1,64,1952-02-07,null,Male,Fatal Injury (K)
435421,1,26,1990-09-06,null,Female,Fatal Injury (K)
435425,1,33,1983-04-23,null,Female,Fatal Injury (K)
435810,8,56,1961-06-10,null,Female,Fatal Injury (K)
437246,1,47,1969-10-07,null,Male,Fatal Injury (K)
437267,1,27,1989-11-14,null,Female,Fatal Injury (K)
437583,2,68,1948-11-02,null,Male,Fatal Injury (K)
437668,1,44,1973-01-15,null,Male,Fatal Injury (K)
438239,4,53,1964-01-10,null,Male,Fatal Injury (K)
438339,2,49,1967-08-22,null,Male,Fatal Injury (K)
438460,1,50,1966-09-09,null,Male,Fatal Injury (K)
438799,2,40,1975-02-26,null,Male,Fatal Injury (K)
439015,2,49,1967-11-01,null,Male,Fatal Injury (K)
440072,2,79,1937-01-09,null,Male,Fatal Injury (K)
442124,1,36,1980-10-06,null,Male,Fatal Injury (K)
442138,1,20,1996-10-14,null,Male,Fatal Injury (K)
444011,1,42,1975-02-06,null,Male,Fatal Injury (K)
444011,2,null,1974-04-04,null,Male,Fatal Injury (K)
444431,2,56,1961-01-22,null,Male,Fatal Injury (K)
444626,3,63,1953-01-12,null,Male,Fatal Injury (K)
444627,1,68,1948-08-07,null,Male,Fatal Injury (K)
444907,2,45,1972-06-23,null,Male,Fatal Injury (K)
445090,1,36,1980-05-18,null,Male,Fatal Injury (K)
445093,2,71,1945-11-12,null,Female,Fatal Injury (K)
445557,2,41,1976-06-25,null,Male,Fatal Injury (K)
445907,2,38,1979-08-18,null,Male,Fatal Injury (K)
446231,2,79,1938-06-11,null,Female,Fatal Injury (K)
447526,2,23,1994-03-07,null,Male,Fatal Injury (K)
448080,1,23,1993-08-17,null,Male,Fatal Injury (K)
448081,4,31,1984-12-19,null,Female,Fatal Injury (K)
448082,4,36,1980-12-01,null,Male,Fatal Injury (K)
448928,1,20,1997-02-04,null,Male,Fatal Injury (K)
450147,1,27,1989-07-19,null,Male,Fatal Injury (K)
450184,1,23,1994-08-06,null,Male,Fatal Injury (K)
450401,2,23,1993-11-06,null,Female,Fatal Injury (K)
452784,2,26,1989-07-25,null,Female,Fatal Injury (K)
452870,2,55,1960-10-10,null,Female,Fatal Injury (K)
452938,2,37,1978-07-23,null,Male,Fatal Injury (K)
452939,2,50,1965-08-20,null,Female,Fatal Injury (K)
452940,3,61,1955-03-14,null,Male,Fatal Injury (K)
452941,1,32,1984-02-19,null,Male,Fatal Injury (K)
452942,2,52,1963-05-21,null,Male,Fatal Injury (K)
452943,1,55,1960-12-11,null,Female,Fatal Injury (K)
452944,1,60,1956-05-11,null,Unknown,Fatal Injury (K)
452945,1,21,1995-09-02,null,Male,Fatal Injury (K)
452946,2,54,1962-05-06,null,Male,Fatal Injury (K)
452947,1,41,1975-05-12,null,Male,Fatal Injury (K)
452948,1,59,1957-04-01,null,Female,Fatal Injury (K)
452950,2,85,1931-08-03,null,Male,Fatal Injury (K)
452952,2,25,1992-01-11,null,Male,Fatal Injury (K)
453124,2,72,1943-10-08,null,Female,Fatal Injury (K)
453282,1,80,1935-07-15,null,Female,Fatal Injury (K)
454457,2,21,1995-10-27,null,Male,Fatal Injury (K)
455950,1,42,1974-05-19,null,Male,Fatal Injury (K)
456443,6,4,2012-05-26,null,Male,Fatal Injury (K)
457613,1,63,1954-06-20,null,Male,Fatal Injury (K)
458272,2,82,1935-05-02,null,Female,Fatal Injury (K)
459348,1,46,1971-09-29,null,Male,Fatal Injury (K)
459817,2,55,1961-04-10,null,Male,Fatal Injury (K)
459859,1,61,1956-02-15,null,Male,Fatal Injury (K)
459884,2,58,1959-02-24,null,Female,Fatal Injury (K)
460163,2,62,1955-08-18,null,Female,Fatal Injury (K)
460479,2,73,1943-04-30,null,Male,Fatal Injury (K)
461295,1,46,1970-02-14,null,Male,Fatal Injury (K)
461296,1,70,1945-10-08,null,Male,Fatal Injury (K)
461298,3,14,2002-04-08,null,Male,Fatal Injury (K)
461860,1,33,1984-10-18,null,Male,Fatal Injury (K)
462362,1,35,1982-02-08,null,Female,Fatal Injury (K)
462409,4,59,1958-07-04,null,Female,Fatal Injury (K)
462450,1,24,1992-01-05,null,Male,Fatal Injury (K)
462455,1,89,1927-05-15,null,Male,Fatal Injury (K)
463211,2,22,1994-08-25,null,Female,Fatal Injury (K)
463495,1,90,1927-01-04,null,Male,Fatal Injury (K)
463926,3,47,1970-03-11,null,Male,Fatal Injury (K)
464804,3,76,1939-07-30,null,Male,Fatal Injury (K)
465073,5,40,1977-11-10,null,Female,Fatal Injury (K)
465264,5,26,1989-11-19,null,Male,Fatal Injury (K)
465606,1,21,1993-07-26,null,Male,Fatal Injury (K)
466860,9,89,1927-04-28,null,Female,Fatal Injury (K)
466873,4,25,1991-07-12,null,Male,Fatal Injury (K)
467138,1,32,1984-10-08,null,Female,Fatal Injury (K)
467156,2,75,1941-05-22,null,Male,Fatal Injury (K)
467211,2,88,1928-01-20,null,Male,Fatal Injury (K)
467236,3,55,1961-08-04,null,Male,Fatal Injury (K)
467255,1,23,1992-08-21,null,Female,Fatal Injury (K)
467279,2,72,1944-04-04,null,Male,Fatal Injury (K)
467289,1,23,1992-04-06,null,Male,Fatal Injury (K)
467290,2,39,1976-11-17,null,Male,Fatal Injury (K)
467293,4,32,1984-02-02,null,Male,Fatal Injury (K)
467405,3,61,1956-05-14,null,Male,Fatal Injury (K)
467488,1,35,1982-05-31,null,Male,Fatal Injury (K)
467603,1,73,1943-10-04,null,Female,Fatal Injury (K)
467603,3,25,1991-07-02,null,Female,Fatal Injury (K)
468193,1,21,1996-04-18,null,Male,Fatal Injury (K)
468320,2,67,1949-01-24,null,Female,Fatal Injury (K)
468995,1,91,1925-07-15,null,Female,Fatal Injury (K)
469447,1,23,1993-09-10,null,Male,Fatal Injury (K)
469532,2,87,1930-05-01,null,Female,Fatal Injury (K)
469719,1,54,1963-10-05,null,Male,Fatal Injury (K)
469874,2,58,1958-11-18,null,Male,Fatal Injury (K)
469877,1,38,1979-03-16,null,Male,Fatal Injury (K)
469963,1,86,1932-10-25,null,Male,Fatal Injury (K)
470099,2,51,1965-12-14,null,Female,Fatal Injury (K)
470100,3,6,2010-04-12,null,Male,Fatal Injury (K)
470687,6,60,1957-03-31,null,Male,Fatal Injury (K)
471130,1,46,1970-03-03,null,Male,Fatal Injury (K)
471216,1,60,1957-03-08,null,Male,Fatal Injury (K)
471774,2,67,1951-02-05,null,Male,Fatal Injury (K)
471802,2,52,1963-10-17,null,Male,Fatal Injury (K)
472048,1,38,1979-02-19,null,Female,Fatal Injury (K)
472696,3,45,1972-07-20,null,Male,Fatal Injury (K)
472714,1,24,1992-04-24,null,Female,Fatal Injury (K)
472755,2,45,1971-01-21,null,Male,Fatal Injury (K)
472978,1,32,1984-11-12,null,Male,Fatal Injury (K)
472978,2,47,1969-11-11,null,Male,Fatal Injury (K)
473540,1,67,1948-02-26,null,Male,Fatal Injury (K)
473549,2,20,1994-09-10,null,Male,Fatal Injury (K)
473550,2,24,1992-09-14,null,Male,Fatal Injury (K)
473552,1,61,1955-06-25,null,Male,Fatal Injury (K)
473580,1,72,1945-07-27,null,Male,Fatal Injury (K)
474222,1,20,1998-04-17,null,Female,Fatal Injury (K)
474556,1,17,1999-09-21,null,Male,Fatal Injury (K)
474557,1,68,1949-07-22,null,Male,Fatal Injury (K)
474562,1,78,1938-11-10,null,Male,Fatal Injury (K)
474563,2,55,1962-01-03,null,Male,Fatal Injury (K)
474564,2,40,1976-10-20,null,Male,Fatal Injury (K)
474568,1,63,1953-05-28,null,Male,Fatal Injury (K)
474867,2,50,1967-10-25,null,Male,Fatal Injury (K)
474867,3,40,1977-09-27,null,Male,Fatal Injury (K)
475458,2,38,1979-09-11,null,Female,Fatal Injury (K)
475479,1,32,1986-01-01,null,Male,Fatal Injury (K)
475548,1,32,1985-01-02,null,Male,Fatal Injury (K)
476350,1,69,1947-06-20,null,Male,Fatal Injury (K)
476350,2,26,1990-05-22,null,Male,Fatal Injury (K)
476424,1,43,1974-03-26,null,Female,Fatal Injury (K)
476506,1,55,1962-07-30,null,Male,Fatal Injury (K)
477180,4,66,1950-10-14,null,Male,Fatal Injury (K)
477180,5,66,1951-06-23,null,Male,Fatal Injury (K)
477294,1,84,1934-01-17,null,Male,Fatal Injury (K)
477374,3,52,1963-08-16,null,Female,Fatal Injury (K)
477375,3,53,1963-02-25,null,Female,Fatal Injury (K)
477378,2,32,1984-12-07,null,Female,Fatal Injury (K)
477605,3,41,1976-05-26,null,Female,Fatal Injury (K)
478617,1,27,1990-01-27,null,Male,Fatal Injury (K)
478621,1,92,1925-02-11,null,Male,Fatal Injury (K)
479090,1,52,1964-03-28,null,Female,Fatal Injury (K)
479094,2,27,1990-02-18,null,Male,Fatal Injury (K)
479551,1,22,1995-04-22,null,Male,Fatal Injury (K)
479568,1,25,1992-02-13,null,Male,Fatal Injury (K)
479568,2,25,1991-03-08,null,Female,Fatal Injury (K)
479732,2,75,1941-12-17,null,Female,Fatal Injury (K)
479846,2,70,1947-12-03,null,Male,Fatal Injury (K)
479895,1,30,1987-02-11,null,Male,Fatal Injury (K)
480242,2,25,1991-07-08,null,Male,Fatal Injury (K)
480242,4,21,1996-03-27,null,Male,Fatal Injury (K)
480244,2,44,1973-03-15,null,Female,Fatal Injury (K)
480246,1,36,1981-07-14,null,Male,Fatal Injury (K)
480279,1,68,1949-09-12,null,Male,Fatal Injury (K)
480390,2,84,1933-12-03,null,Male,Fatal Injury (K)
480841,2,67,1950-02-15,null,Male,Fatal Injury (K)
481021,3,62,1956-09-11,null,Female,Fatal Injury (K)
481518,1,43,1974-03-03,null,Male,Fatal Injury (K)
482152,1,26,1991-08-01,null,Female,Fatal Injury (K)
482939,3,22,1994-12-12,null,Male,Fatal Injury (K)
483988,1,76,1940-12-22,null,Male,Fatal Injury (K)
484257,2,22,1995-02-02,null,Male,Fatal Injury (K)
484596,2,49,1967-09-21,null,Male,Fatal Injury (K)
485193,1,43,1974-01-27,null,Male,Fatal Injury (K)
485658,2,32,1985-10-04,null,Female,Fatal Injury (K)
485704,2,56,1962-01-08,null,Male,Fatal Injury (K)
486210,5,50,1967-01-17,null,Female,Fatal Injury (K)
486258,1,53,1964-07-04,null,Female,Fatal Injury (K)
486496,2,34,1982-04-17,null,Male,Fatal Injury (K)
487016,1,63,1954-09-07,null,Male,Fatal Injury (K)
487435,1,24,1993-08-04,null,Female,Fatal Injury (K)
487639,1,64,1952-12-27,null,Male,Fatal Injury (K)
490825,2,74,1943-09-01,null,Male,Fatal Injury (K)
490837,1,26,1991-04-27,null,Male,Fatal Injury (K)
492320,2,null,1958-05-21,null,Male,Fatal Injury (K)
492635,1,83,1934-07-29,null,Male,Fatal Injury (K)
493083,1,36,1981-02-04,null,Male,Fatal Injury (K)
493819,1,30,1987-02-19,null,Male,Fatal Injury (K)
494601,1,22,1994-08-19,null,Male,Fatal Injury (K)
495783,2,36,1981-07-01,null,Male,Fatal Injury (K)
496655,1,68,1948-12-01,null,Female,Fatal Injury (K)
496840,1,16,2000-06-20,null,Male,Fatal Injury (K)
496843,1,57,1960-04-07,null,Male,Fatal Injury (K)
498820,4,22,1995-08-03,null,Female,Fatal Injury (K)
499596,1,48,1968-12-11,null,Male,Fatal Injury (K)
501875,2,32,1986-01-11,null,Male,Fatal Injury (K)
502079,2,1,2015-07-28,null,Male,Fatal Injury (K)
502177,1,46,1970-11-20,null,Male,Fatal Injury (K)
502178,3,16,2000-08-31,null,Male,Fatal Injury (K)
502179,2,84,1932-09-12,null,Female,Fatal Injury (K)
502519,2,18,1999-08-31,null,Female,Fatal Injury (K)
502805,1,71,1946-12-20,null,Female,Fatal Injury (K)
502855,2,60,1957-11-30,null,Male,Fatal Injury (K)
503212,5,21,1997-06-29,null,Female,Fatal Injury (K)
505087,1,95,1923-01-08,null,Female,Fatal Injury (K)
505095,5,58,1960-04-21,null,Male,Fatal Injury (K)
505106,2,21,1996-10-26,null,Male,Fatal Injury (K)
505717,4,81,1936-09-18,null,Female,Fatal Injury (K)
505983,1,56,1962-01-16,null,Male,Fatal Injury (K)
506643,1,24,1993-08-02,null,Female,Fatal Injury (K)
506645,3,30,1987-08-30,null,Male,Fatal Injury (K)
507543,1,38,1978-09-17,null,Male,Fatal Injury (K)
507543,3,66,1951-06-21,null,Female,Fatal Injury (K)
507642,3,18,2000-04-20,null,Male,Fatal Injury (K)
507642,4,20,1998-08-11,null,Male,Fatal Injury (K)
507642,5,22,1996-01-16,null,Female,Fatal Injury (K)
507798,2,89,1928-07-07,null,Male,Fatal Injury (K)
507803,2,19,1998-10-06,null,Male,Fatal Injury (K)
507806,2,72,1945-04-08,null,Male,Fatal Injury (K)
507968,2,62,1954-10-16,null,Male,Fatal Injury (K)
507970,1,37,1979-06-19,null,Male,Fatal Injury (K)
507974,6,3,2014-07-31,null,Male,Fatal Injury (K)
508782,3,23,1995-02-02,null,Female,Fatal Injury (K)
508782,5,18,1999-12-21,null,Female,Fatal Injury (K)
508827,1,33,1984-01-20,null,Male,Fatal Injury (K)
509166,1,29,1989-02-12,null,Male,Fatal Injury (K)
509499,3,22,1995-08-12,null,Female,Fatal Injury (K)
512556,1,53,1963-07-17,null,Male,Fatal Injury (K)
512556,2,27,1989-12-18,null,Female,Fatal Injury (K)
512557,1,46,1970-06-12,null,Male,Fatal Injury (K)
512899,1,61,1956-07-12,null,Male,Fatal Injury (K)
512899,2,24,1993-06-07,null,Male,Fatal Injury (K)
513167,2,58,1959-03-14,null,Male,Fatal Injury (K)
514787,2,65,1952-12-03,null,Female,Fatal Injury (K)
515151,2,40,1976-05-25,null,Male,Fatal Injury (K)
515153,1,51,1965-12-25,null,Male,Fatal Injury (K)
518451,1,48,1968-09-27,null,Male,Fatal Injury (K)
518641,6,38,1980-02-02,null,Male,Fatal Injury (K)
518841,1,29,1988-10-05,null,Male,Fatal Injury (K)
519507,2,65,1952-07-22,null,Male,Fatal Injury (K)
519640,2,59,1958-05-18,null,Female,Fatal Injury (K)
519874,5,45,1973-05-10,null,Male,Fatal Injury (K)
520068,1,74,1944-01-20,null,Male,Fatal Injury (K)
520070,1,65,1953-01-01,null,Male,Fatal Injury (K)
520070,4,52,1965-07-01,null,Female,Fatal Injury (K)
520400,1,33,1984-02-14,null,Male,Fatal Injury (K)
520403,2,43,1974-01-23,null,Male,Fatal Injury (K)
522443,1,37,1980-03-10,null,Male,Fatal Injury (K)
523883,2,43,1974-12-14,null,Male,Fatal Injury (K)
523979,5,57,1961-01-07,null,Female,Fatal Injury (K)
525741,1,60,1958-02-07,null,Male,Fatal Injury (K)
525744,1,22,1996-01-07,null,Male,Fatal Injury (K)
525959,3,35,1983-01-18,null,Female,Fatal Injury (K)
525962,2,64,1953-09-05,null,Male,Fatal Injury (K)
526962,2,91,1927-04-04,null,Female,Fatal Injury (K)
527248,1,45,1972-08-22,null,Male,Fatal Injury (K)
527402,1,63,1955-03-17,null,Male,Fatal Injury (K)
527543,1,59,1959-05-26,null,Male,Fatal Injury (K)
527830,3,46,1972-03-01,null,Female,Fatal Injury (K)
528296,1,21,1996-11-20,null,Male,Fatal Injury (K)
528336,1,22,1995-07-21,null,Female,Fatal Injury (K)
528617,1,44,1972-08-09,null,Male,Fatal Injury (K)
528619,1,22,1995-07-03,null,Male,Fatal Injury (K)
528621,1,25,1992-04-18,null,Male,Fatal Injury (K)
528623,2,62,1955-02-04,null,Male,Fatal Injury (K)
528684,1,32,1985-12-25,null,Male,Fatal Injury (K)
529194,1,31,1986-08-08,null,Female,Fatal Injury (K)
529202,1,51,1966-12-06,null,Female,Fatal Injury (K)
529246,1,22,1995-03-16,null,Male,Fatal Injury (K)
529246,2,19,1998-03-28,null,Male,Fatal Injury (K)
529369,1,47,1971-01-20,null,Male,Fatal Injury (K)
529561,1,48,1970-05-09,null,Male,Fatal Injury (K)
532445,2,45,1973-06-01,null,Male,Fatal Injury (K)
532495,1,25,1991-10-17,null,Male,Fatal Injury (K)
532498,1,79,1938-06-18,null,Male,Fatal Injury (K)
532548,1,29,1988-07-06,null,Male,Fatal Injury (K)
532784,1,25,1991-08-19,null,Male,Fatal Injury (K)
532785,2,42,1975-06-17,null,Male,Fatal Injury (K)
532786,1,24,1992-08-12,null,Male,Fatal Injury (K)
532787,4,47,1969-10-15,null,Female,Fatal Injury (K)
532791,1,23,1994-11-29,null,Male,Fatal Injury (K)
532792,1,42,1975-08-22,null,Male,Fatal Injury (K)
532803,1,51,1967-02-03,null,Male,Fatal Injury (K)
532803,3,24,1993-12-08,null,Male,Fatal Injury (K)
532829,1,35,1983-05-20,null,Male,Fatal Injury (K)
532839,2,74,1943-05-03,null,Male,Fatal Injury (K)
532913,1,21,1996-12-31,null,Male,Fatal Injury (K)
532913,2,26,1992-06-26,null,Male,Fatal Injury (K)
532913,3,29,1989-03-17,null,Male,Fatal Injury (K)
533316,1,21,1996-12-24,null,Male,Fatal Injury (K)
533547,2,85,1932-10-12,null,Female,Fatal Injury (K)
533707,2,37,1981-02-09,null,Male,Fatal Injury (K)
535031,1,33,1985-03-02,null,Male,Fatal Injury (K)
535505,1,28,1990-03-03,null,Male,Fatal Injury (K)
535581,2,18,1999-10-25,null,Male,Fatal Injury (K)
535588,1,22,1996-03-08,null,Male,Fatal Injury (K)
535791,1,26,1991-09-03,null,Female,Fatal Injury (K)
535912,5,22,1995-10-29,null,Male,Fatal Injury (K)
536025,1,37,1980-11-19,null,Male,Fatal Injury (K)
536207,1,17,2000-09-18,null,Male,Fatal Injury (K)
536244,1,29,1988-08-13,null,Male,Fatal Injury (K)
536317,1,28,1989-09-11,null,Male,Fatal Injury (K)
536395,2,25,1993-02-24,null,Male,Fatal Injury (K)
536670,3,28,1990-01-20,null,Male,Fatal Injury (K)
536902,1,64,1953-05-04,null,Male,Fatal Injury (K)
537232,5,null,1930-07-07,null,Male,Fatal Injury (K)
537372,1,41,1977-02-07,null,Male,Fatal Injury (K)
537452,1,51,1967-03-16,null,Male,Fatal Injury (K)
537571,1,23,1994-02-24,null,Male,Fatal Injury (K)
537582,4,35,1983-05-19,null,Female,Fatal Injury (K)
537808,2,61,1957-04-08,null,Female,Fatal Injury (K)
538235,2,61,1956-06-23,null,Male,Fatal Injury (K)
540069,1,72,1946-03-23,null,Male,Fatal Injury (K)
540835,1,59,1958-08-14,null,Male,Fatal Injury (K)
540839,2,59,1959-01-24,null,Male,Fatal Injury (K)
542178,1,21,1995-09-01,null,Male,Fatal Injury (K)
542181,3,60,1957-12-30,null,Male,Fatal Injury (K)
542217,2,65,1952-08-06,null,Female,Fatal Injury (K)
542540,4,18,2000-04-30,null,Female,Fatal Injury (K)
542545,1,67,1949-10-25,null,Female,Fatal Injury (K)
542545,2,87,1929-12-28,null,Male,Fatal Injury (K)
542546,1,52,1965-02-18,null,Male,Fatal Injury (K)
542548,4,48,1968-08-30,null,Male,Fatal Injury (K)
542550,1,76,1941-08-05,null,Male,Fatal Injury (K)
542552,2,55,1962-04-30,null,Male,Fatal Injury (K)
542553,2,54,1963-01-23,null,Male,Fatal Injury (K)
542554,1,26,1991-01-07,null,Female,Fatal Injury (K)
542557,1,52,1965-01-28,null,Male,Fatal Injury (K)
542558,1,49,1968-07-09,null,Male,Fatal Injury (K)
542586,1,27,1991-02-09,null,Male,Fatal Injury (K)
542929,2,36,1982-04-08,null,Male,Fatal Injury (K)
543553,6,56,1961-09-26,null,Female,Fatal Injury (K)
543785,2,34,1983-05-05,null,Male,Fatal Injury (K)
544541,1,72,1945-09-02,null,Female,Fatal Injury (K)
544541,2,69,1948-03-06,null,Female,Fatal Injury (K)
544542,1,32,1985-02-27,null,Male,Fatal Injury (K)
544544,1,29,1988-05-28,null,Male,Fatal Injury (K)
544635,1,43,1975-03-12,null,Male,Fatal Injury (K)
544816,3,65,1953-12-28,null,Male,Fatal Injury (K)
545192,1,25,1992-03-26,null,Male,Fatal Injury (K)
545304,2,43,1975-03-29,null,Male,Fatal Injury (K)
545544,1,22,1995-05-03,null,Male,Fatal Injury (K)
545705,2,47,1971-04-27,null,Female,Fatal Injury (K)
549336,1,76,1941-08-21,null,Male,Fatal Injury (K)
549460,1,27,1990-06-14,null,Male,Fatal Injury (K)
549464,1,47,1971-04-02,null,Male,Fatal Injury (K)
549466,1,52,1966-03-01,null,Male,Fatal Injury (K)
550763,1,46,1972-01-30,null,Male,Fatal Injury (K)
550765,2,27,1990-04-15,null,Female,Fatal Injury (K)
551261,1,28,1990-08-23,null,Male,Fatal Injury (K)
551345,2,25,1993-08-18,null,Female,Fatal Injury (K)
554606,5,35,1981-10-07,null,Female,Fatal Injury (K)
554948,2,77,1941-01-08,null,Female,Fatal Injury (K)
555032,1,75,1941-10-07,null,Female,Fatal Injury (K)
555033,2,62,1955-04-18,null,Male,Fatal Injury (K)
555036,2,29,1988-06-03,null,Female,Fatal Injury (K)
555115,1,48,1970-01-20,null,Male,Fatal Injury (K)
555406,2,48,1969-10-08,null,Female,Fatal Injury (K)
556497,2,51,1966-11-13,null,Male,Fatal Injury (K)
556663,1,67,1951-03-02,null,Male,Fatal Injury (K)
557280,2,76,1941-05-22,null,Female,Fatal Injury (K)
557690,2,6,2012-08-12,null,Male,Fatal Injury (K)
557840,1,19,1999-07-10,null,Male,Fatal Injury (K)
557853,2,54,1964-02-17,null,Male,Fatal Injury (K)
557924,2,55,1963-02-08,null,Female,Fatal Injury (K)
557933,2,45,1973-05-09,null,Female,Fatal Injury (K)
558242,2,65,1953-07-01,null,Male,Fatal Injury (K)
558669,1,73,1944-02-12,null,Male,Fatal Injury (K)
558671,2,47,1970-08-20,null,Female,Fatal Injury (K)
558672,2,49,1969-02-07,null,Male,Fatal Injury (K)
558884,1,39,1978-09-04,null,Female,Fatal Injury (K)
558967,1,34,1984-05-09,null,Male,Fatal Injury (K)
559102,1,26,1992-07-01,null,Male,Fatal Injury (K)
559151,4,18,2000-01-08,null,Male,Fatal Injury (K)
559312,1,32,1985-09-25,null,Male,Fatal Injury (K)
559452,3,55,1961-12-24,null,Male,Fatal Injury (K)
559479,2,null,1975-06-06,null,Female,Fatal Injury (K)
559529,2,64,1952-10-06,null,Male,Fatal Injury (K)
559530,1,26,1990-07-30,null,Female,Fatal Injury (K)
559534,2,71,1946-06-28,null,Female,Fatal Injury (K)
559534,4,71,1945-11-09,null,Female,Fatal Injury (K)
559536,2,34,1983-04-28,null,Female,Fatal Injury (K)
559538,2,85,1932-05-16,null,Female,Fatal Injury (K)
559539,1,32,1985-12-02,null,Male,Fatal Injury (K)
559560,2,27,1991-01-30,null,Female,Fatal Injury (K)
561038,1,26,1991-05-11,null,Male,Fatal Injury (K)
561418,2,37,1980-10-05,null,Male,Fatal Injury (K)
561459,2,19,1999-08-21,null,Female,Fatal Injury (K)
561743,3,37,1980-07-06,null,Male,Fatal Injury (K)
561750,1,84,1933-10-06,null,Male,Fatal Injury (K)
561753,1,22,1996-10-03,null,Male,Fatal Injury (K)
562070,1,82,1935-09-22,null,Male,Fatal Injury (K)
562757,3,93,1924-08-22,null,Female,Fatal Injury (K)
562766,6,67,1950-07-07,null,Male,Fatal Injury (K)
562776,1,60,1958-04-12,null,Male,Fatal Injury (K)
562792,2,32,1986-04-04,null,Male,Fatal Injury (K)
563773,1,23,1995-01-27,null,Male,Fatal Injury (K)
563779,1,41,1977-03-02,null,Male,Fatal Injury (K)
563784,1,42,1975-12-12,null,Male,Fatal Injury (K)
564468,1,28,1990-02-26,null,Female,Fatal Injury (K)
564803,5,25,1992-12-02,null,Male,Fatal Injury (K)
566866,4,39,1979-03-18,null,Female,Fatal Injury (K)
566870,1,28,1990-06-04,null,Male,Fatal Injury (K)
566879,2,63,1955-04-10,null,Male,Fatal Injury (K)
566880,1,41,1977-03-06,null,Male,Fatal Injury (K)
567193,2,52,1965-08-17,null,Male,Fatal Injury (K)
567261,2,24,1993-07-06,null,Female,Fatal Injury (K)
567261,3,23,1994-07-06,null,Female,Fatal Injury (K)
567262,1,26,1991-08-01,null,Female,Fatal Injury (K)
567297,1,22,1996-03-12,null,Male,Fatal Injury (K)
567319,1,57,1961-02-25,null,Male,Fatal Injury (K)
567340,2,27,1990-06-19,null,Male,Fatal Injury (K)
567359,2,46,1972-06-14,null,Male,Fatal Injury (K)
567371,1,43,1974-09-25,null,Female,Fatal Injury (K)
567935,2,30,1987-10-23,null,Female,Fatal Injury (K)
567993,2,47,1971-08-25,null,Female,Fatal Injury (K)
568452,2,40,1978-06-11,null,Male,Fatal Injury (K)
568514,3,34,1984-08-01,null,Male,Fatal Injury (K)
568528,2,69,1948-09-29,null,Male,Fatal Injury (K)
568533,1,51,1966-11-10,null,Male,Fatal Injury (K)
568536,1,56,1962-07-13,null,Male,Fatal Injury (K)
568539,2,28,1990-10-05,null,Male,Fatal Injury (K)
568554,1,80,1938-06-30,null,Male,Fatal Injury (K)
568557,2,70,1948-03-09,null,Male,Fatal Injury (K)
568791,1,56,1962-07-26,null,Male,Fatal Injury (K)
568798,2,78,1940-04-11,null,Male,Fatal Injury (K)
569117,2,80,1938-04-29,null,Male,Fatal Injury (K)
569209,1,58,1960-06-05,null,Male,Fatal Injury (K)
569222,3,29,1989-10-26,null,Female,Fatal Injury (K)
569222,4,24,1994-10-08,null,Female,Fatal Injury (K)
569508,1,34,1984-03-22,null,Female,Fatal Injury (K)
569897,4,34,1984-05-31,null,Male,Fatal Injury (K)
569904,1,40,1978-06-09,null,Male,Fatal Injury (K)
569905,2,62,1956-01-12,null,Female,Fatal Injury (K)
570153,1,22,1995-06-05,null,Male,Fatal Injury (K)
570154,2,38,1979-07-25,null,Male,Fatal Injury (K)
570155,1,20,1997-08-28,null,Male,Fatal Injury (K)
570156,2,58,1960-01-06,null,Female,Fatal Injury (K)
570196,2,19,1998-10-08,null,Male,Fatal Injury (K)
570196,3,20,1997-11-26,null,Male,Fatal Injury (K)
570196,4,18,1999-12-27,null,Male,Fatal Injury (K)
570204,2,65,1953-08-04,null,Female,Fatal Injury (K)
570215,2,69,1949-07-09,null,Female,Fatal Injury (K)
570572,2,25,1993-09-07,null,Male,Fatal Injury (K)
570785,1,58,1959-12-19,null,Male,Fatal Injury (K)
571856,1,35,1983-04-24,null,Male,Fatal Injury (K)
571902,2,82,1935-10-25,null,Female,Fatal Injury (K)
572171,2,88,1929-12-18,null,Female,Fatal Injury (K)
572172,1,70,1947-09-30,null,Female,Fatal Injury (K)
572178,1,48,1970-06-27,null,Male,Fatal Injury (K)
572179,2,60,1957-12-05,null,Male,Fatal Injury (K)
572183,1,68,1949-02-07,null,Female,Fatal Injury (K)
572184,1,22,1995-08-15,null,Female,Fatal Injury (K)
572186,1,22,1995-03-24,null,Male,Fatal Injury (K)
572187,2,19,1997-11-13,null,Male,Fatal Injury (K)
572189,1,50,1967-10-24,null,Male,Fatal Injury (K)
572191,1,21,1997-04-15,null,Male,Fatal Injury (K)
572192,1,19,1998-06-07,null,Male,Fatal Injury (K)
572193,1,17,2000-11-10,null,Female,Fatal Injury (K)
572195,1,48,1969-08-14,null,Male,Fatal Injury (K)
572199,1,55,1962-10-08,null,Male,Fatal Injury (K)
572246,2,61,1956-10-29,null,Female,Fatal Injury (K)
572248,2,null,null,TRUE,Female,Fatal Injury (K)
572650,4,9,2007-05-06,null,Male,Fatal Injury (K)
573200,3,null,1996-12-10,null,Female,Fatal Injury (K)
573205,6,31,1985-09-28,null,Female,Fatal Injury (K)
573206,2,77,1940-01-22,null,Female,Fatal Injury (K)
573207,1,33,1984-09-18,null,Male,Fatal Injury (K)
573208,1,24,1993-05-22,null,Male,Fatal Injury (K)
573211,1,78,1940-04-11,null,Male,Fatal Injury (K)
573318,1,49,1968-08-04,null,Male,Fatal Injury (K)
573320,2,50,1968-04-23,null,Female,Fatal Injury (K)
573321,2,52,1965-08-17,null,Male,Fatal Injury (K)
573322,2,24,1993-07-06,null,Female,Fatal Injury (K)
573322,3,23,1994-07-06,null,Female,Fatal Injury (K)
573323,1,26,1991-08-01,null,Female,Fatal Injury (K)
573324,1,22,1996-03-12,null,Male,Fatal Injury (K)
573325,1,57,1961-02-25,null,Male,Fatal Injury (K)
573658,1,41,1977-01-02,null,Male,Fatal Injury (K)
573659,1,35,1983-03-04,null,Male,Fatal Injury (K)
573761,2,35,1983-09-29,null,Female,Fatal Injury (K)
574259,1,41,1977-03-21,null,Male,Fatal Injury (K)
574305,1,46,1972-03-01,null,Male,Fatal Injury (K)
574694,2,27,1989-12-09,null,Male,Fatal Injury (K)
574696,1,28,1989-01-29,null,Male,Fatal Injury (K)
574696,2,53,1964-10-08,null,Male,Fatal Injury (K)
574697,2,55,1962-11-09,null,Male,Fatal Injury (K)
574698,1,23,1994-01-23,null,Male,Fatal Injury (K)
574699,3,19,1998-05-19,null,Male,Fatal Injury (K)
574949,2,43,1975-01-21,null,Male,Fatal Injury (K)
575195,1,26,1992-02-26,null,Male,Fatal Injury (K)
575313,2,48,1969-11-06,null,Female,Fatal Injury (K)
575411,1,22,1996-08-31,null,Male,Fatal Injury (K)
575747,3,30,1987-09-30,null,Male,Fatal Injury (K)
576764,5,27,1990-05-13,null,Male,Fatal Injury (K)
577227,2,63,1955-06-18,null,Male,Fatal Injury (K)
577275,1,null,1988-05-04,null,Female,Fatal Injury (K)
577390,2,19,1999-05-12,null,Male,Fatal Injury (K)
577455,2,27,1991-10-16,null,Male,Fatal Injury (K)
577717,2,27,1991-09-24,null,Male,Fatal Injury (K)
578072,1,75,1943-07-23,null,Male,Fatal Injury (K)
578079,4,22,1995-09-27,null,Female,Fatal Injury (K)
578081,1,21,1997-05-19,null,Male,Fatal Injury (K)
578225,3,24,1994-02-25,null,Male,Fatal Injury (K)
578229,1,53,1965-08-15,null,Male,Fatal Injury (K)
578477,3,null,1971-11-30,null,Female,Fatal Injury (K)
578676,2,50,1968-09-17,null,Male,Fatal Injury (K)
578765,1,37,1981-06-17,null,Female,Fatal Injury (K)
579004,3,29,1989-10-11,null,Male,Fatal Injury (K)
579056,2,51,1967-01-17,null,Male,Fatal Injury (K)
579071,2,54,1964-06-20,null,Female,Fatal Injury (K)
579166,3,48,1970-10-21,null,Male,Fatal Injury (K)
579170,1,43,1975-08-01,null,Female,Fatal Injury (K)
579263,2,61,1957-02-15,null,Male,Fatal Injury (K)
579480,2,23,1995-08-20,null,Male,Fatal Injury (K)
579741,1,19,1998-11-21,null,Male,Fatal Injury (K)
579772,2,40,1978-02-06,null,Male,Fatal Injury (K)
580476,2,20,1998-06-29,null,Male,Fatal Injury (K)
580644,1,35,1983-10-16,null,Male,Fatal Injury (K)
580918,1,40,1978-05-24,null,Male,Fatal Injury (K)
580919,1,22,1996-11-08,null,Male,Fatal Injury (K)
581026,1,30,1988-10-29,null,Male,Fatal Injury (K)
581087,2,43,1975-01-08,null,Male,Fatal Injury (K)
581340,4,46,1971-06-07,null,Female,Fatal Injury (K)
581342,1,48,1969-11-13,null,Male,Fatal Injury (K)
581343,1,18,1999-08-26,null,Female,Fatal Injury (K)
581344,2,47,1970-08-21,null,Male,Fatal Injury (K)
581345,1,29,1988-08-19,null,Male,Fatal Injury (K)
581346,1,27,1991-02-11,null,Male,Fatal Injury (K)
581558,1,58,1960-01-18,null,Male,Fatal Injury (K)
581561,1,48,1970-01-10,null,Male,Fatal Injury (K)
581681,1,49,1969-05-28,null,Female,Fatal Injury (K)
581941,4,34,1983-09-07,null,Male,Fatal Injury (K)
582095,1,24,1994-02-07,null,Male,Fatal Injury (K)
582259,1,72,1946-03-21,null,Female,Fatal Injury (K)
582394,1,36,1982-01-12,null,Male,Fatal Injury (K)
582395,1,76,1942-04-18,null,Male,Fatal Injury (K)
582710,1,80,1938-05-23,null,Female,Fatal Injury (K)
582766,2,50,1967-07-01,null,Female,Fatal Injury (K)
582799,2,5,2014-09-25,null,Male,Fatal Injury (K)
583434,1,35,1983-09-06,null,Male,Fatal Injury (K)
583707,3,52,1966-04-11,null,Male,Fatal Injury (K)
583722,3,24,1994-02-17,null,Male,Fatal Injury (K)
583758,2,67,1951-02-16,null,Male,Fatal Injury (K)
583871,3,49,1969-06-25,null,Male,Fatal Injury (K)
583921,1,24,1994-06-03,null,Male,Fatal Injury (K)
583921,2,22,1996-04-07,null,Female,Fatal Injury (K)
584064,2,55,1963-06-30,null,Female,Fatal Injury (K)
584334,2,50,1967-10-08,null,Male,Fatal Injury (K)
584468,1,83,1935-04-14,null,Female,Fatal Injury (K)